﻿Object,Title,Description,Category,Public,Color,Date,Time,Weight (kg),Location,URL,  ,  
Anubis,Bengal cat,An example of a domesticated cat,"Säugetiere, Huumans",yes,#f5f5dc,2015_01_01,2015-01-01T13:45:12Z,4.8,2661604,https://en.wikipedia.org/wiki/Cat,,
Meteorite,Gibeon Meteorite,This is a piece of the so-called Gibeon Meteroite,Physics,1,#808080,"March 5,1908",1908-03-05T12:00:00-05:00,0.3,11821111,https://en.wikipedia.org/wiki/Gibeon_(meteorite),,
BM1888-0601-716,Lekythos,"Attic red-figured Lekythos BM 1888,601.716",Artwörk,TRUE,,1.12.1973 - 6.1.1974,,0.5,351274,https://www.britishmuseum.org/collection/object/G_1888-0601-716,,
Horohoroto,Picture and Poem by Matsuo Bashō,ほろほろと山吹ちるかたきのおと,Kunstwerk,,,1849/1850,,1,,https://en.wikipedia.org/wiki/Haiku#/media/File:Basho_Horohoroto.jpg,,
  ,,,,,,,,,,,,
  ,  ,,,,,,,,,,,