{
  "$schema": "https://raw.githubusercontent.com/dasch-swiss/dsp-tools/main/knora/dsplib/schemas/ontology.json",
  "project": {
    "shortcode": "0123",
    "shortname": "import",
    "longname": "Template project for importing data to DaSCH",
    "descriptions": {
      "en": "Template project to demonstrate the archiving process of a big dataset at the end of a research project's lifetime."
    },
    "keywords": ["Data and Service Center for the Humanities (DaSCH)"],
    "lists": [
      {
        "name": "category",
        "labels": {"de": "Kategorie", "en": "Category"},
        "comments": {"en": "A list containing categories", "de": "Eine Liste mit Kategorien"},
        "nodes": [
          {
            "name": "artwork",
            "labels": {"de": "Kunstwerk", "en": "Artwork"}
          },
          {
            "name": "nature",
            "labels": {"de": "Natur", "en": "Nature"},
            "nodes": [
              {
                "name": "humans",
                "labels": {"de": "Menschen", "en": "Humans"}
              },
              {
                "name": "animals",
                "labels": {"de": "Tiere", "en": "Animals"},
                "nodes": [
                  {
                    "name": "mammals",
                    "labels": {"de": "Säugetiere", "en": "Mammals"}
                  },
                  {
                    "name": "birds",
                    "labels": {"de": "Vögel", "en": "Birds"}
                  },
                  {
                    "name": "reptiles",
                    "labels": {"de": "Reptilien", "en": "Reptiles"}
                  }
                ]
              },
              {
                "name": "plants",
                "labels": {"de": "Pflanzen", "en": "Plants"}
              },
              {
                "name": "physics",
                "labels": {"de": "Physik", "en": "Physics"}
              }
            ]
          }
        ]
      }
    ],
    "ontologies": [
      {
        "name": "import",
        "label": "The template ontology for data import",
        "properties": [
          {
            "name": "hasTime",
            "super": ["hasValue"],
            "object": "TimeValue",
            "labels": {"en": "Time"},
            "gui_element": "TimeStamp"
          },
          {
            "name": "hasImage",
            "super": ["hasLinkTo"],
            "object": ":Image2D",
            "labels": {"en": "Image"},
            "gui_element": "Searchbox"
          },
          {
            "name": "hasDescription",
            "super": ["hasValue"],
            "object": "TextValue",
            "labels": {"en": "Description"},
            "gui_element": "Richtext"
          },
          {
            "name": "hasName",
            "super": ["hasValue"],
            "object": "TextValue",
            "labels": {"en": "Name"},
            "gui_element": "SimpleText"
          },
          {
            "name": "hasTitle",
            "super": ["hasValue"],
            "object": "TextValue",
            "labels": {"en": "Title"},
            "gui_element": "SimpleText"
          },
          {
            "name": "hasDate",
            "super": ["hasValue"],
            "object": "DateValue",
            "labels": {"en": "Dating"},
            "gui_element": "Date"
          },
          {
            "name": "hasLocation",
            "super": ["hasValue"],
            "object": "GeonameValue",
            "labels": {"en": "Location"},
            "gui_element": "Geonames"
          },
          {
            "name": "hasExternalLink",
            "super": ["hasValue"],
            "object": "UriValue",
            "labels": {"en": "External link"},
            "gui_element": "SimpleText"
          },
          {
            "name": "hasCategory",
            "super": ["hasValue"],
            "object": "ListValue",
            "labels": {"en": "Category"},
            "gui_element": "List",
            "gui_attributes": {"hlist": "category"}
          },
          {
            "name": "hasColor",
            "super": ["hasColor"],
            "object": "ColorValue",
            "labels": {"en": "Colour"},
            "gui_element": "Colorpicker"
          },
          {
            "name": "isPublic",
            "super": ["hasValue"],
            "object": "BooleanValue",
            "labels": {"en": "Public"},
            "gui_element": "Checkbox"
          },
          {
            "name": "hasWeight",
            "super": ["hasValue"],
            "object": "DecimalValue",
            "labels": {"en": "Weight"},
            "gui_element": "SimpleText"
          }
        ],
        "resources": [
          {
            "name": "Image2D",
            "labels": {"en": "2D image"},
            "super": "StillImageRepresentation",
            "cardinalities": [
              {
                "propname": ":hasTitle",
                "cardinality": "1"
              }
            ]
          },
          {
            "name": "Object",
            "labels": {"en": "Object"},
            "super": "Resource",
            "cardinalities": [
              {
                "propname": ":hasImage",
                "cardinality": "0-n"
              },
              {
                "propname": ":hasCategory",
                "cardinality": "0-n"
              },
              {
                "propname": ":hasName",
                "cardinality": "0-n"
              },
              {
                "propname": ":hasDescription",
                "cardinality": "0-n"
              },
              {
                "propname": ":hasWeight",
                "cardinality": "0-n"
              },
              {
                "propname": ":hasDate",
                "cardinality": "0-n"
              },
              {
                "propname": ":hasLocation",
                "cardinality": "0-1"
              },
              {
                "propname": ":isPublic",
                "cardinality": "0-1"
              },
              {
                "propname": ":hasColor",
                "cardinality": "0-n"
              },
              {
                "propname": ":hasExternalLink",
                "cardinality": "0-n"
              },
              {
                "propname": ":hasTime",
                "cardinality": "0-n"
              }
            ]
          }
        ]
      }
    ]
  }
}
